,label
P0000,0
P0001,0
P0002,1
P0003,0
P0004,0
P0005,0
P0006,0
P0007,0
P0008,0
P0009,0
P0010,0
P0011,0
P0012,0
P0013,0
P0014,0
P0015,0
P0016,0
P0017,0
P0018,1
P0019,0
P0020,0
P0021,0
P0022,0
P0023,0
P0024,0
P0025,0
P0026,0
P0027,0
P0028,1
P0029,0
P0030,0
P0031,0
P0032,0
P0033,0
P0034,0
P0035,0
P0036,0
P0037,0
P0038,0
P0039,0
P0040,0
P0041,0
P0042,0
P0043,0
P0044,0
P0045,0
P0046,1
P0047,1
P0048,1
P0049,0
P0050,0
P0051,0
P0052,0
P0053,0
P0054,0
P0055,0
P0056,1
P0057,0
P0058,0
P0059,0
P0060,0
P0061,0
P0062,0
P0063,0
P0064,0
P0065,1
P0066,0
P0067,0
P0068,1
P0069,1
P0070,0
P0071,1
P0072,0
P0073,0
P0074,0
P0075,1
P0076,0
P0077,1
P0078,1
P0079,0
P0080,0
P0081,1
P0082,1
P0083,0
P0084,0
P0085,0
P0086,0
P0087,0
P0088,1
P0089,1
P0090,1
P0091,0
P0092,0
P0093,1
P0094,0
P0095,0
P0096,0
P0097,0
P0098,0
P0099,0
P0100,0
P0101,0
P0102,0
P0103,0
P0104,0
P0105,0
P0106,1
P0107,0
P0108,1
P0109,0
P0110,1
P0111,1
P0112,0
P0113,0
P0114,0
P0115,0
P0116,0
P0117,1
P0118,0
P0119,0
P0120,0
P0121,0
P0122,1
P0123,1
P0124,0
P0125,0
P0126,0
P0127,0
P0128,0
P0129,0
P0130,0
P0131,1
P0132,0
P0133,0
P0134,0
P0135,0
P0136,0
P0137,0
P0138,0
P0139,0
P0140,0
P0141,1
P0142,0
P0143,0
P0144,0
P0145,0
P0146,1
P0147,0
P0148,0
P0149,0
P0150,0
P0151,0
P0152,0
P0153,1
P0154,1
P0155,0
P0156,0
P0157,0
P0158,0
P0159,0
P0160,1
P0161,0
P0162,1
P0163,0
P0164,0
P0165,1
P0166,0
P0167,0
P0168,1
P0169,0
P0170,0
P0171,0
P0172,0
P0173,0
P0174,0
P0175,0
P0176,0
P0177,0
P0178,1
P0179,0
P0180,0
P0181,0
P0182,1
P0183,0
P0184,0
P0185,1
P0186,0
P0187,0
P0188,0
P0189,0
P0190,0
P0191,0
P0192,1
P0193,0
P0194,1
P0195,0
P0196,0
P0197,1
P0198,0
P0199,0
P0200,0
P0201,1
P0202,1
P0203,0
P0204,0
P0205,1
P0206,0
P0207,0
P0208,0
P0209,1
P0210,0
P0211,0
P0212,0
P0213,1
P0214,0
P0215,1
P0216,0
P0217,0
P0218,0
P0219,0
P0220,1
P0221,0
P0222,0
P0223,1
P0224,1
P0225,0
P0226,0
P0227,0
P0228,0
P0229,0
P0230,0
P0231,0
P0232,0
P0233,0
P0234,0
P0235,1
P0236,0
P0237,0
P0238,0
P0239,0
P0240,0
P0241,0
P0242,0
P0243,0
P0244,0
P0245,0
P0246,1
P0247,1
P0248,0
P0249,1
P0250,1
P0251,0
P0252,0
P0253,0
P0254,0
P0255,0
P0256,0
P0257,0
P0258,0
P0259,0
P0260,0
P0261,0
P0262,0
P0263,0
P0264,0
P0265,0
P0266,0
P0267,0
P0268,0
P0269,0
P0270,0
P0271,1
P0272,1
P0273,0
P0274,0
P0275,0
P0276,1
P0277,0
P0278,0
P0279,0
P0280,0
P0281,0
P0282,1
P0283,0
P0284,0
P0285,1
P0286,0
P0287,0
P0288,0
P0289,0
P0290,0
P0291,0
P0292,1
P0293,0
P0294,0
P0295,0
P0296,0
P0297,0
P0298,0
P0299,0
P0300,0
P0301,0
P0302,1
P0303,0
P0304,0
P0305,0
P0306,0
P0307,0
P0308,1
P0309,0
P0310,0
P0311,0
P0312,1
P0313,0
P0314,0
P0315,1
P0316,0
P0317,0
P0318,1
P0319,0
P0320,0
P0321,1
P0322,0
P0323,0
P0324,0
P0325,1
P0326,0
P0327,0
P0328,0
P0329,0
P0330,1
P0331,0
P0332,0
P0333,0
P0334,0
P0335,0
P0336,0
P0337,0
P0338,0
P0339,0
P0340,0
P0341,0
P0342,0
P0343,0
P0344,0
P0345,0
P0346,0
P0347,0
P0348,0
P0349,0
P0350,0
P0351,0
P0352,0
P0353,0
P0354,0
P0355,0
P0356,0
P0357,0
P0358,1
P0359,0
P0360,0
P0361,0
P0362,0
P0363,0
P0364,0
P0365,0
P0366,0
P0367,1
P0368,0
P0369,0
P0370,1
P0371,1
P0372,1
P0373,0
P0374,0
P0375,0
P0376,1
P0377,0
P0378,1
P0379,1
P0380,0
P0381,1
P0382,0
P0383,0
P0384,1
P0385,0
P0386,0
P0387,0
P0388,0
P0389,0
P0390,1
P0391,0
P0392,1
P0393,0
P0394,1
P0395,0
P0396,0
P0397,0
P0398,0
P0399,1
P0400,0
P0401,1
P0402,0
P0403,0
P0404,0
P0405,0
P0406,0
P0407,0
P0408,0
P0409,1
P0410,1
P0411,0
P0412,0
P0413,1
P0414,0
P0415,0
P0416,0
P0417,0
P0418,0
P0419,0
P0420,0
P0421,0
P0422,0
P0423,0
P0424,0
P0425,0
P0426,0
P0427,0
P0428,0
P0429,0
P0430,0
P0431,0
P0432,0
P0433,0
P0434,0
P0435,1
P0436,0
P0437,0
P0438,0
P0439,0
P0440,0
P0441,0
P0442,1
P0443,0
P0444,0
P0445,0
P0446,0
P0447,0
P0448,0
P0449,0
P0450,1
P0451,0
P0452,0
P0453,0
P0454,0
P0455,0
P0456,0
P0457,1
P0458,0
P0459,1
P0460,1
P0461,0
P0462,0
P0463,1
P0464,0
P0465,0
P0466,0
P0467,0
P0468,0
P0469,0
P0470,1
P0471,0
P0472,1
P0473,0
P0474,0
P0475,0
P0476,0
P0477,0
P0478,0
P0479,0
P0480,1
P0481,0
P0482,0
P0483,0
P0484,0
P0485,0
P0486,1
P0487,0
P0488,0
P0489,0
P0490,0
P0491,0
P0492,0
P0493,1
P0494,0
P0495,0
P0496,1
P0497,0
P0498,0
P0499,1
P0500,0
P0501,0
P0502,0
P0503,0
P0504,0
P0505,0
P0506,1
P0507,0
P0508,0
P0509,0
P0510,1
P0511,1
P0512,0
P0513,0
P0514,0
P0515,1
P0516,1
P0517,0
P0518,0
P0519,1
P0520,0
P0521,1
P0522,1
P0523,0
P0524,0
P0525,0
P0526,0
P0527,0
P0528,0
P0529,0
P0530,1
P0531,0
P0532,0
P0533,0
P0534,0
P0535,0
P0536,1
P0537,1
P0538,0
P0539,0
P0540,0
P0541,0
P0542,0
P0543,1
P0544,1
P0545,0
P0546,0
P0547,1
P0548,0
P0549,0
P0550,0
P0551,0
P0552,1
P0553,0
P0554,0
P0555,0
P0556,0
P0557,0
P0558,0
P0559,0
P0560,1
P0561,0
P0562,1
P0563,0
P0564,0
P0565,0
P0566,0
P0567,0
P0568,1
P0569,0
P0570,0
P0571,0
P0572,0
P0573,0
P0574,0
P0575,0
P0576,0
P0577,1
P0578,1
P0579,1
P0580,1
P0581,0
P0582,0
P0583,0
P0584,0
P0585,0
P0586,0
P0587,0
P0588,0
P0589,1
P0590,0
P0591,0
P0592,0
P0593,0
P0594,0
P0595,0
P0596,0
P0597,0
P0598,0
P0599,1
P0600,0
P0601,0
P0602,1
P0603,0
P0604,0
P0605,0
P0606,0
P0607,1
P0608,1
P0609,1
P0610,0
P0611,0
P0612,0
P0613,0
P0614,0
P0615,0
P0616,0
P0617,0
P0618,0
P0619,0
P0620,0
P0621,0
P0622,1
P0623,1
P0624,0
P0625,0
P0626,0
P0627,0
P0628,0
P0629,0
P0630,0
P0631,0
P0632,0
P0633,0
P0634,0
P0635,0
P0636,0
P0637,0
P0638,0
P0639,1
P0640,0
P0641,0
P0642,0
P0643,0
P0644,0
P0645,1
P0646,0
P0647,0
P0648,1
P0649,0
P0650,0
P0651,0
P0652,1
P0653,0
P0654,0
P0655,0
P0656,0
P0657,0
P0658,1
P0659,1
P0660,0
P0661,0
P0662,0
P0663,1
P0664,1
P0665,0
P0666,1
P0667,0
P0668,0
P0669,0
P0670,0
P0671,0
P0672,0
P0673,0
P0674,0
P0675,1
P0676,0
P0677,0
P0678,0
P0679,0
P0680,0
P0681,1
P0682,0
P0683,0
P0684,0
P0685,1
P0686,0
P0687,0
P0688,0
P0689,0
P0690,0
P0691,0
P0692,0
P0693,1
P0694,0
P0695,0
P0696,0
P0697,0
P0698,0
P0699,0
P0700,0
P0701,0
P0702,0
P0703,0
P0704,0
P0705,0
P0706,0
P0707,0
P0708,0
P0709,1
P0710,1
P0711,0
P0712,1
P0713,0
P0714,0
P0715,1
P0716,0
P0717,0
P0718,0
P0719,1
P0720,0
P0721,0
P0722,1
P0723,1
P0724,1
P0725,0
P0726,0
P0727,0
P0728,0
P0729,0
P0730,0
P0731,0
P0732,0
P0733,0
P0734,0
P0735,1
P0736,0
P0737,0
P0738,0
P0739,0
P0740,0
P0741,0
P0742,0
P0743,1
P0744,0
P0745,1
P0746,1
P0747,0
P0748,0
P0749,0
P0750,0
P0751,0
P0752,1
P0753,0
P0754,0
P0755,0
P0756,1
P0757,0
P0758,0
P0759,1
P0760,0
P0761,1
P0762,0
P0763,0
P0764,1
P0765,0
P0766,0
P0767,1
P0768,1
P0769,0
P0770,0
P0771,0
P0772,0
P0773,0
P0774,0
P0775,0
P0776,0
P0777,0
P0778,0
P0779,0
P0780,1
P0781,0
P0782,0
P0783,0
P0784,0
P0785,0
P0786,0
P0787,0
P0788,0
P0789,0
P0790,0
P0791,0
P0792,0
P0793,0
P0794,0
P0795,1
P0796,0
P0797,0
P0798,0
P0799,0
P0800,0
P0801,0
P0802,1
P0803,0
P0804,0
P0805,1
P0806,0
P0807,0
P0808,0
P0809,0
P0810,0
P0811,0
P0812,1
P0813,0
P0814,0
P0815,0
P0816,1
P0817,0
P0818,0
P0819,0
P0820,1
P0821,1
P0822,0
P0823,0
P0824,0
P0825,0
P0826,0
P0827,0
P0828,0
P0829,0
P0830,0
P0831,0
P0832,0
P0833,0
P0834,0
P0835,1
P0836,1
P0837,0
P0838,0
P0839,0
P0840,0
P0841,0
P0842,1
P0843,1
P0844,0
P0845,0
P0846,0
P0847,0
P0848,0
P0849,0
P0850,0
P0851,0
P0852,0
P0853,0
P0854,0
P0855,0
P0856,0
P0857,0
P0858,0
P0859,0
P0860,0
P0861,1
P0862,0
P0863,0
P0864,0
P0865,0
P0866,0
P0867,0
P0868,0
P0869,0
P0870,1
P0871,0
P0872,0
P0873,0
P0874,0
P0875,0
P0876,0
P0877,0
P0878,0
P0879,0
P0880,1
P0881,0
P0882,0
P0883,0
P0884,0
P0885,0
P0886,1
P0887,0
P0888,1
P0889,0
P0890,0
P0891,0
P0892,1
P0893,0
P0894,0
P0895,0
P0896,1
P0897,0
P0898,0
P0899,0
P0900,1
P0901,0
P0902,0
P0903,0
P0904,0
P0905,0
P0906,1
P0907,0
P0908,1
P0909,0
P0910,1
P0911,0
P0912,1
P0913,0
P0914,1
P0915,0
P0916,0
P0917,0
P0918,0
P0919,0
P0920,0
P0921,0
P0922,0
P0923,0
P0924,1
P0925,0
P0926,0
P0927,1
P0928,0
P0929,0
P0930,0
P0931,0
P0932,0
P0933,0
P0934,1
P0935,1
P0936,0
P0937,0
P0938,0
P0939,0
P0940,0
P0941,0
P0942,0
P0943,0
P0944,0
P0945,0
P0946,0
P0947,0
P0948,0
P0949,0
P0950,0
P0951,0
P0952,0
P0953,0
P0954,1
P0955,0
P0956,0
P0957,0
P0958,0
P0959,0
P0960,0
P0961,0
P0962,0
P0963,0
P0964,0
P0965,0
P0966,0
P0967,1
P0968,0
P0969,0
P0970,0
P0971,0
P0972,0
P0973,0
P0974,0
P0975,1
P0976,0
P0977,0
P0978,0
P0979,0
P0980,0
P0981,0
P0982,0
P0983,1
P0984,1
P0985,1
P0986,0
P0987,0
P0988,0
P0989,0
P0990,0
P0991,0
P0992,0
P0993,0
P0994,0
P0995,1
P0996,0
P0997,0
P0998,0
P0999,0
